title,tekst,url
W aplikacji pojawia się błąd,"Upewnij się, że masz zainstalowaną najnowszą wersję aplikacji zooplus. Możesz też spróbować ponownie zainstalować aplikację. Jeśli te działania nie rozwiążą problemu, bardzo pomógłby nam zrzut ekranu przedstawiający komunikatu o błędzie i wszelkich szczegółowych informacji o tym, kiedy wystąpił błąd, na której stronie byłeś i co próbowałeś zrobić po jego otrzymaniu. Prosimy również o podanie następujących informacji: W razie jakichkolwiek pytań prosimy o kontakt z naszym .",https://support.zooplus.pl/pl/support/solutions/articles/76000049441-w-aplikacji-pojawia-si%C4%99-b%C5%82%C4%85d
Co to są pliki cookie i do czego służą?,"Korzystamy z plików cookies, czyli małych plików tekstowych przechowywanych na Twoim komputerze w celu śledzenia, jakie produkty dodano koszyka oraz zapamiętania Cię jako użytkownika na wypadek Twoich ponownych odwiedzin na naszej stronie. Pliki cookies służą do ułatwienia Ci nawigacji na naszej stronie internetowej. Korzystamy z bezpiecznych plików cookies. Informacje, jakie gromadzimy za pomocą plików cookies, pozwalają nam identyfikować ewentualne błędy lub pokazywać Ci produkty, które naszym zdaniem mogą być dla Ciebie odpowiednie. W celu złożenia zamówienia w zooplus konieczne jest włączenie obsługi plików cookies. Jeśli jednak chcesz jedynie przejrzeć naszą stronę i nie zamierzasz dokonywać zakupów, swobodnie możesz zablokować obsługę plików cookies. Ochrona Twoich danych osobowych jest dla nas bardzo ważna i używamy wyłącznie bezpiecznych plików cookie. Aby dowiedzieć się więcej o tym, jak wykorzystywane są pliki cookie na naszej stronie internetowej, ich konkretnym celu oraz jak je usunąć lub uniemożliwić ich przechowywanie, przejdź do sekcji .",https://support.zooplus.pl/pl/support/solutions/articles/76000049437-co-to-s%C4%85-pliki-cookie-i-do-czego-s%C5%82u%C5%BC%C4%85-
Czy mogę odstąpić od umowy?,"Konsumenci mają prawo do odstąpienia od umowy w ciągu 14 dni. Konsument to osoba fizyczna, która dokonuje wiążącej prawnie transakcji, niezwiązanej z jej działalnością handlową lub zawodową. Dowiedz się więcej na temat Twojego . W razie jakichkolwiek pytań prosimy o kontakt z naszym .",https://support.zooplus.pl/pl/support/solutions/articles/76000049435-czy-mog%C4%99-odst%C4%85pi%C4%87-od-umowy-
Na stronie pojawia się komunikat o błędzie – co mam zrobić?,"Komunikaty o błędach mogą pojawiać się z różnych powodów. Jeśli na naszej stronie pojawia się błąd, możesz spróbować wykonać następujące czynności: Jeśli te działania nie rozwiążą problemu, bardzo pomógłby nam zrzut ekranu przedstawiający komunikatu o błędzie i wszelkich szczegółowych informacji o tym, kiedy wystąpił błąd, na której stronie byłeś i co próbowałeś zrobić po jego otrzymaniu. Prosimy również o podanie następujących informacji: W razie jakichkolwiek pytań prosimy o kontakt z naszym .",https://support.zooplus.pl/pl/support/solutions/articles/76000049438-na-stronie-pojawia-si%C4%99-komunikat-o-b%C5%82%C4%99dzie-co-mam-zrobi%C4%87-
Polityka prywatności i ochrona danych,"Ochrona Twoich danych osobowych jest dla nas bardzo ważna. Nie przekazujemy Twoich danych nieupoważnionym podmiotom trzecim. Więcej informacji na temat danych, które zbieramy i przetwarzamy w związku z korzystaniem z naszej strony internetowej, znajdziesz w naszej .",https://support.zooplus.pl/pl/support/solutions/articles/76000049436-polityka-prywatno%C5%9Bci-i-ochrona-danych
Ceny i koszty przesyłki,"Wszystkie ceny zawierają ustawowy podatek VAT, ale nie zawierają kosztów przesyłki. Wszystkie informacje na temat kosztów wysyłki możesz znaleźć tutaj: . Ostateczny koszt dostawy można sprawdzić w podglądzie zamówienia po zalogowaniu lub podaniu adresu dostawy.",https://support.zooplus.pl/pl/support/solutions/articles/76000049434-ceny-i-koszty-przesy%C5%82ki
Metody płatności,"Akceptujemy następujące metody płatności: Wszystkie oferowane przez nas metody płatności są w pełni bezpieczne. Wszelkie dane osobowe (np. dane płatnicze, adres e-mail i adres korespondencyjny) oraz dane płatności są zabezpieczone poprzez szyfrowanie oraz dodatkowy proces autoryzacji. Więcej informacji na temat metod płatności możesz znaleźć .",https://support.zooplus.pl/pl/support/solutions/articles/76000049433-metody-p%C5%82atno%C5%9Bci
Regulamin,"Zooplus SE to działający w całej Europie sklep internetowy oferujący produkty dla zwierząt. Nasz obszerny asortyment, obejmujący ponad 11 000 produktów dla zwierząt, oferujemy tylko w naszym sklepie internetowym. Nie prowadzimy sklepów stacjonarnych, ale możesz zalogować się do dowolnego lokalnego sklepu zooplus, jeśli jesteś zarejestrowanym klientem. Mamy sklepy internetowe w prawie wszystkich krajach Europy. Sprawdź dostępność produktu i informacje o dostawie we właściwym kraju. Możesz również przejrzeć naszą w języku angielskim i zapłacić w walucie euro. zooplus SE prowadzi sprzedaż wyłącznie na rzecz konsumentów. Nie oferujemy specjalnych zniżek na zamówienia hurtowe czy rabatów handlowych. Do skutecznego zawarcia umowy niezbędna jest akceptacja warunków .",https://support.zooplus.pl/pl/support/solutions/articles/76000049432-regulamin
Darmowa aplikacja zooplus na telefon z systemem Android,"Możesz pobrać darmową aplikację zooplus na telefon. Dzięki aplikacji możesz szybko i wygodnie zamówić wszystko, czego potrzebujesz dla swojego pupila. Korzyści : Aplikację zooplus na telefon z systemem Android możesz pobrać . Jeśli masz sugestie i propozycje usprawnienia aplikacji lub chcesz zgłosić błąd, zapraszamy do kontaktu z nami pod adresem android-feedback@zooplus.com.",https://support.zooplus.pl/pl/support/solutions/articles/76000049439-darmowa-aplikacja-zooplus-na-telefon-z-systemem-android
Darmowa aplikacja zooplus na telefon z systemem iOS,"Możesz pobrać darmową aplikację zooplus na telefon. Dzięki aplikacji możesz szybko i wygodnie zamówić wszystko, czego potrzebujesz dla swojego pupila. Korzyści : Aplikację zooplus na telefon z systemem IOS możesz pobrać . Jeśli masz sugestie i propozycje usprawnienia aplikacji lub chcesz zgłosić błąd, zapraszamy do kontaktu z nami pod adresem ios-feedback@zooplus.com.",https://support.zooplus.pl/pl/support/solutions/articles/76000049440-darmowa-aplikacja-zooplus-na-telefon-z-systemem-ios
Prawo do odstąpienia od umowy,"Klienci, będący konsumentami, mają prawo do zwrotu zamówionych towarów w ciągu 14 dni. Szczegółowe informacje na ten temat znajdziesz . W przypadku dalszych pytań prosimy o kontakt z .",https://support.zooplus.pl/pl/support/solutions/articles/76000049407-prawo-do-odst%C4%85pienia-od-umowy
Jak mogę złożyć reklamację?,"Mamy nadzieję, że nasze produkty i usługi spełniają Twoje oczekiwania. Jeśli jednak coś poszło nie tak, skontaktuj się z naszym , a dołożymy wszelkich starań, by naprawić tę sytuację. Jeśli chcesz złożyć reklamację, zachęcamy Cię do skorzystania z naszego . Po wypełnieniu formularza, prześlemy Ci automatyczne potwierdzenie otrzymania Twojego zapytania. Jeżeli chcesz uzupełnić jakiekolwiek informacje, możesz odpowiedzieć bezpośrednio na tę wiadomość e-mail. Po zapoznaniu się z Twoim zgłoszeniem, możemy poprosić Cię o dodatkowe informacje. O naszej decyzji oraz ewentualnych dalszych krokach powiadomimy Cię drogą mailową tak szybko, jak to będzie możliwe. Poniżej znajduje się kilka często zadawanych pytań, które mogą Ci się przydać:",https://support.zooplus.pl/pl/support/solutions/articles/76000049406-jak-mog%C4%99-z%C5%82o%C5%BCy%C4%87-reklamacj%C4%99-
Jaki jest status mojego zwrotu?,"Twój zwrot zostanie zaksięgowany w ciągu kilku dni roboczych od otrzymania go w dziale zwrotów. Jak tylko zwrot towaru zostanie zaksięgowany, powiadomimy Cię o tym drogą mailową.",https://support.zooplus.pl/pl/support/solutions/articles/76000049404-jaki-jest-status-mojego-zwrotu-
Kiedy otrzymam zwrot środków za zwrócony towar?,"Kiedy zwracasz artykuł, Zwrot kwoty następuje w ten sam sposób, w jaki została zrealizowana pierwotna transakcja, z wyjątkiem zwrotu kwoty w przypadku zapłaty przez PayPal lub przy odbiorze gotówką– w takim przypadku zwrot następuje na wskazany przez klienta numer rachunku bankowego. Odpowiednia kwota zostanie zwrócona dopiero po otrzymaniu przez nas zwracanych przez Ciebie towarów. Aby uzyskać szczegółowe informacje na temat zwrotu środków za zwrócony produkt, prosimy o kontakt z naszym .",https://support.zooplus.pl/pl/support/solutions/articles/76000049405-kiedy-otrzymam-zwrot-%C5%9Brodk%C3%B3w-za-zwr%C3%B3cony-towar-
Formularz odstąpienia od umowy,"Aby skorzystać z prawa do odstąpienia od umowy, musisz poinformować nas o swojej decyzji o odstąpieniu od niniejszej umowy w drodze jednoznacznego oświadczenia. Możesz skorzystać z , jednak nie jest to obowiązkowe. W przypadku dalszych pytań prosimy o kontakt z .",https://support.zooplus.pl/pl/support/solutions/articles/76000049408-formularz-odst%C4%85pienia-od-umowy
Ile mam czasu na zwrot towaru?,"Jeśli chcesz zwrócić zakupiony przez Ciebie artykuł, masz na to 14 dni od daty otrzymania towaru. Zwrócimy Ci pełną kwotę podaną na fakturze, a także zorganizujemy darmowy zwrot towaru.",https://support.zooplus.pl/pl/support/solutions/articles/76000049403-ile-mam-czasu-na-zwrot-towaru-
Jak mogę zwrócić produkt?,"Teraz darmowy zwrot towarów jest jeszcze prostszy niż dotychczas! Jeśli chcesz zwrócić produkt, zaloguj się do konta klienta . Znajdź zamówienie, w ramach którego chcesz zwrócić artykuł/y, kliknij „Szczegóły zamówienia”, a następnie „Chcesz zwrócić produkt?”. Postępuj zgodnie z instrukcjami wyświetlanymi na ekranie lub przekazanymi przez Serwis Obsługi Klienta. Jeśli jesteś niezarejestrowanym klientem lub opcja „Chcesz zwrócić produkt” nie jest dostępna w Twoim koncie klienta, prosimy o kontakt z naszym . W celu sprawnego zgłoszenia sprawy, prosimy przygotować następujące informacje: W zależności od zwracanego przez Ciebie produktu, zwrot towaru odbędzie się za pośrednictwem InPost Paczkomat® 24/7 lub firmy kurierskiej DPD.",https://support.zooplus.pl/pl/support/solutions/articles/76000049401-jak-mog%C4%99-zwr%C3%B3ci%C4%87-produkt-
Czy mogę wymienić artykuł na inny rozmiar/rodzaj/kolor?,"Nie oferujemy możliwości wymiany produktów. Możesz zwrócić zamówiony artykuł i złożyć nowe zamówienie. Na zwrot przedmiotu masz 14 dni od otrzymania paczki. Zwrócimy Ci pełną kwotę podaną na fakturze, a także zorganizujemy darmowy zwrot towaru. Zwrot środków zostanie wykonany w ciągu kilku dni roboczych, po tym jak Twoja przesyłka dotrze do naszego magazynu i zostanie zaksięgowana. Informacje, jak dokonać zwrotu, znajdziesz tutaj: .",https://support.zooplus.pl/pl/support/solutions/articles/76000049402-czy-mog%C4%99-wymieni%C4%87-artyku%C5%82-na-inny-rozmiar-rodzaj-kolor-
W mojej paczce znajdują się błędne towary,"Jeśli otrzymana przez Ciebie paczka zawiera błędny towar lub dostarczono Ci niepoprawną ilość artykułów, prosimy o kontakt z naszym . W celu sprawnego zgłoszenia sprawy, prosimy przygotować następujące informacje:",https://support.zooplus.pl/pl/support/solutions/articles/76000049388-w-mojej-paczce-znajduj%C4%85-si%C4%99-b%C5%82%C4%99dne-towary
Dostarczono mi paczkę innego klienta,"Jeśli dostarczono Ci paczkę należącą do innego klienta, prosimy o kontakt w tej sprawie z naszym .",https://support.zooplus.pl/pl/support/solutions/articles/76000049389-dostarczono-mi-paczk%C4%99-innego-klienta
W mojej paczce nie ma wszystkich zamówionych artykułów,"Jeśli w paczce nie ma wszystkich zamówionych artykułów, w pierwszej kolejności sprawdź, ile paczek miało być dostarczonych, zgodnie z powiadomieniem e-mail o nadaniu paczek. Często zdarza się, że jeśli zamówienie jest podzielone na dwie lub więcej paczek, przesyłki te mogą nie być dostarczane tego samego dnia. Jeżeli wszystkie zapowiadane paczki zostały już do Ciebie doręczone i nadal brakuje Ci jakichś artykułów, prosimy o kontakt z naszym . W celu sprawnego zgłoszenia sprawy, prosimy przygotować następujące informacje:",https://support.zooplus.pl/pl/support/solutions/articles/76000049387-w-mojej-paczce-nie-ma-wszystkich-zam%C3%B3wionych-artyku%C5%82%C3%B3w
"Moja paczka nie dotarła, mimo że na stronie śledzenia widnieje informacja, że została dostarczona","Jeśli nie jesteś w stanie zlokalizować Twojej przesyłki i nie otrzymałeś powiadomienia, że przesyłka została pozostawiona w wyznaczonym przez Ciebie miejscu lub u sąsiada, skontaktuj się z naszym .",https://support.zooplus.pl/pl/support/solutions/articles/76000049386-moja-paczka-nie-dotar%C5%82a-mimo-%C5%BCe-na-stronie-%C5%9Bledzenia-widnieje-informacja-%C5%BCe-zosta%C5%82a-dostarczona
Czy otrzymam powiadomienie o moim nadchodzącym zamówieniu w ramach zooplus Abonament?,"5 dni przed przetworzeniem Twojego następnego zamówienia w ramach subskrypcji, wyślemy Ci przypomnienie drogą mailową. Jeśli potrzebujesz zmodyfikować lub wstrzymać swoje zamówienie w ramach usługi zooplus Abonament, możesz to zrobić do 2 dni przed datą zamówienia. Aby dokonać zmian, zaloguj się do konta klienta i przejdź do sekcji „zooplus Abonament.” Możesz także dodać do zamówienia produkty z dostawą jednorazową jeśli potrzebujesz zakupić dodatkowe artykuły.",https://support.zooplus.pl/pl/support/solutions/articles/76000060852-czy-otrzymam-powiadomienie-o-moim-nadchodz%C4%85cym-zam%C3%B3wieniu-w-ramach-zooplus-abonament-
Jak mogę zmodyfikować lub anulować usługę zooplus Abonament?,"Masz pełną kontrolę nad Twoją subskrypcją. Aby nią zarządzać, zaloguj się do konta klienta i przejdź do sekcji „zooplus Abonament.” Możesz zmienić częstotliwość dostaw, produkty lub całkowicie anulować usługę, bez żadnych dodatkowych kosztów.",https://support.zooplus.pl/pl/support/solutions/articles/76000060851-jak-mog%C4%99-zmodyfikowa%C4%87-lub-anulowa%C4%87-us%C5%82ug%C4%99-zooplus-abonament-
W jaki sposób mogę aktywować usługę zooplus Abonament?,"Aktywowanie subskrypcji jest proste! Wybierz produkt i jego ilość, który chcesz subskrybować, a następnie dodaj go do koszyka. W trakcie procesu składania zamówienia aktywuj subskrypcję dla tego produktu i wybierz częstotliwość, z jaką chcesz otrzymywać zamówienia. I to wszystko! Twoje zamówienie będzie automatycznie odnawiane zgodnie z wybranym przez Ciebie harmonogramem.",https://support.zooplus.pl/pl/support/solutions/articles/76000060850-w-jaki-spos%C3%B3b-mog%C4%99-aktywowa%C4%87-us%C5%82ug%C4%99-zooplus-abonament-
Jak działa usługa zooplus Abonament?,"Usługa zooplus Abonament umożliwia tworzenie automatycznych, cyklicznych zamówień zarówno na karmę dla zwierząt, jak i na akcesoria. Możesz cieszyć się bezproblemowymi zakupami i mieć pewność, że Twoim ukochanym zwierzakom nigdy nie zabraknie niezbędnych artykułów. zooplus Abonament ma wiele zalet, w tym: (*) rabat nie łączy się z innymi kodami kuponu czy promocjami Więcej informacji na temat usługi zooplus Abonament znajdziesz .",https://support.zooplus.pl/pl/support/solutions/articles/76000060848-jak-dzia%C5%82a-us%C5%82uga-zooplus-abonament-
Czy mogę anulować zamówienie?,"Naszym celem jest realizowanie wszystkich zamówień tak szybko, jak tylko to możliwe. Zamówienia złożone z wyborem innej formy płatności niż przelew bankowy są przekazywane do realizacji niemal natychmiast po zweryfikowaniu płatności. Nawet w weekend! Jeśli chcesz anulować zamówienie, przejdź do zakładki „Moje zamówienia” w Twoim koncie klienta . Zlokalizuj zamówienie, które chcesz anulować, kliknij „Szczegóły zamówienia”, a następnie „Anuluj zamówienie”. Po wybraniu powodu i kliknięciu „Anuluj to zamówienie”, otrzymasz komunikat potwierdzający anulowanie zamówienia. Potwierdzenie otrzymasz również drogą mailową. Ważne informacje: Opcja samodzielnego anulowania zamówienia będzie dostępna w koncie klienta w zależności od etapu, na jakim jest Twoje zamówienie oraz od wybranej przez Ciebie metody płatności. Jeśli opcja „Anuluj zamówienie” nie jest dostępna, skontaktuj się z naszym , aby poprosić o pomoc w anulowaniu zamówienia. Niestety nie możemy zagwarantować, że anulowanie zamówienia będzie możliwe. Jeśli anulowanie zamówienia nie jest już możliwe i zamówienie zostanie nadane, masz również możliwość odmowy przyjęcia przesyłki. Firma kurierska zwróci nam wówczas paczkę. Jeśli Twoje zamówienie zostało już dostarczone, możesz zwrócić niechciany produkt w ciągu 14 dni od daty jego otrzymania. Zapoznaj się z naszą , aby uzyskać więcej informacji.",https://support.zooplus.pl/pl/support/solutions/articles/76000049371-czy-mog%C4%99-anulowa%C4%87-zam%C3%B3wienie-
Czy mogę połączyć kilka zamówień?,"Nie ma możliwości połączenia kilku zamówień w jedno, jeśli już zostało złożone.",https://support.zooplus.pl/pl/support/solutions/articles/76000049372-czy-mog%C4%99-po%C5%82%C4%85czy%C4%87-kilka-zam%C3%B3wie%C5%84-
Jak mogę śledzić moje zamówienie?,"Status zamówienia można sprawdzić w każdej chwili klikając na link w e-mailu z powiadomieniem o wysyłce lub odwiedzając stronę firmy kurierskiej i wprowadzając w polu śledzenia paczki numer przesłany w potwierdzeniu nadania przesyłki. Status Twojego zamówienia możesz również sprawdzić w każdej chwili logując się do konta lub kontaktując się z naszym . Pamiętaj: Po otrzymaniu powiadomienia o nadaniu paczki może upłynąć trochę czasu, zanim informacje o śledzeniu usługi dostawy zostaną zaktualizowane.",https://support.zooplus.pl/pl/support/solutions/articles/76000049369-jak-mog%C4%99-%C5%9Bledzi%C4%87-moje-zam%C3%B3wienie-
"Skąd będę wiedzieć, że moje zamówienie zostało wysłane?","Gdy zamówienie opuści nasz magazyn, otrzymasz potwierdzenie nadania paczki drogą e-mailową. Ze względów logistycznych Twoje zamówienie może zostać wysłane i w różnym terminie. Powiadomienie o nadaniu przesyłki będzie zawierało istotne informacje, takie jak: Nie otrzymałeś powiadomienia o wysłaniu przesyłki? Jeśli jesteś zarejestrowanym klientem, status zamówienia możesz również sprawdzić w Twojej historii zamówień w .",https://support.zooplus.pl/pl/support/solutions/articles/76000049368-sk%C4%85d-b%C4%99d%C4%99-wiedzie%C4%87-%C5%BCe-moje-zam%C3%B3wienie-zosta%C5%82o-wys%C5%82ane-
Czy mogę dokonać zmian w moim zamówieniu lub w adresie dostawy?,"Naszym celem jest realizowanie wszystkich zamówień tak szybko, jak tylko to możliwe. Zamówienia złożone z wyborem innej formy płatności niż przelew bankowy są przekazywane do realizacji niemal natychmiast po zweryfikowaniu płatności. Nawet w weekend! Z tej przyczyny nie ma możliwości dokonania modyfikacji Twojego zamówienia, nawet jeśli nie zostało ono jeszcze nadane z naszego magazynu. Skontaktuj się z naszym , aby sprawdzić, czy możliwe jest anulowanie zamówienia. Dołożymy wszelkich starań, aby udzielić Ci pomocy, jednak nie możemy zagwarantować, że anulowanie zamówienia na tym etapie będzie możliwe. Jeśli w adresie dostawy jest błąd, możesz przekierować dostawę pod inny adres za pośrednictwem strony internetowej firmy kurierskiej, gdy paczka będzie już w drodze do Ciebie. Jeśli skorzystałeś z przedpłaty na konto bankowe jako formy płatności i jeszcze jej nie zrealizowałeś, najczęściej mamy możliwość wprowadzenia pewnych zmian w Twoim zamówieniu. Skontaktuj się z naszym , aby sprawdzić, czy można dokonać zmian w Twoim zamówieniu. Po złożeniu zamówienia, nie mamy możliwości modyfikacji następujących elementów zamówienia:",https://support.zooplus.pl/pl/support/solutions/articles/76000049370-czy-mog%C4%99-dokona%C4%87-zmian-w-moim-zam%C3%B3wieniu-lub-w-adresie-dostawy-
Czy otrzymam potwierdzenie zamówienia?,"Po złożeniu zamówienia, w ciągu 1-2 godzin otrzymasz wiadomość e-mail z potwierdzeniem przyjęcia przez nas Twojego zamówienia. Jeśli wiadomość potwierdzająca zamówienie jeszcze do Ciebie nie dotarła, możesz łatwo sprawdzić historię Twoich zamówień w koncie . Jeśli jesteś niezarejestrowanym klientem, skontaktuj z naszym .",https://support.zooplus.pl/pl/support/solutions/articles/76000049367-czy-otrzymam-potwierdzenie-zam%C3%B3wienia-
"Otrzymałem przypomnienie o płatności, mimo że zapłaciłem za zamówienie","Jeśli tak się stanie, będziemy potrzebować potwierdzenia dokładnej daty przelewu, przelanej kwoty oraz odbiorcy. Skorzystaj z , aby przesłać załącznik w formacie JPEG lub PDF do właściwego potwierdzenia przelewu bankowego. Upewnij się, że dane odbiorcy płatności są widoczne. W przypadku dalszych pytań prosimy o kontakt z naszym",https://support.zooplus.pl/pl/support/solutions/articles/76000049366-otrzyma%C5%82em-przypomnienie-o-p%C5%82atno%C5%9Bci-mimo-%C5%BCe-zap%C5%82aci%C5%82em-za-zam%C3%B3wienie
Płatność PayPal nie powiodła się – co mam zrobić?,"Jeśli płatność PayPal nie powiodła się, w ciągu kilku minut w Twoim koncie w zakładce „Moje zamówienia” pojawi się opcja ponowienia płatności. Aby zobaczyć tę opcję, kliknij najpierw w ""Szczegóły zamówienia"". Wyślemy Ci również e-mail z przypomnieniem o płatności i linkiem do jej ponowienia.",https://support.zooplus.pl/pl/support/solutions/articles/76000049365-p%C5%82atno%C5%9B%C4%87-paypal-nie-powiod%C5%82a-si%C4%99-co-mam-zrobi%C4%87-
Płatność moją kartą kredytową/debetową nie powiodła się – co mam zrobić?,"Istnieje wiele przyczyn, dla których płatność kartą kredytową/debetową może się nie powieść, oto kilka z nich: Jeśli płatność kartą kredytową/debetową nie powiedzie się, Twoje zamówienie zostanie utworzone, wstrzymane na 7 dni, a następnie automatycznie anulowane, jeśli płatność nie zostanie zrealizowana pomyślnie. Sprawdź dane karty, a następnie ponów płatność tą samą kartą lub dodaj nową. Opcja ponowienia płatności pojawi się w ciągu kilku minut w Twoim koncie w zakładce „Moje zamówienia”. Aby zobaczyć tę opcję, kliknij najpierw w ""Szczegóły zamówienia"". Wyślemy Ci również e-mail z przypomnieniem o płatności i linkiem do jej ponowienia.",https://support.zooplus.pl/pl/support/solutions/articles/76000049364-p%C5%82atno%C5%9B%C4%87-moj%C4%85-kart%C4%85-kredytow%C4%85-debetow%C4%85-nie-powiod%C5%82a-si%C4%99-co-mam-zrobi%C4%87-
Czy mogę złożyć zamówienie przez telefon?,"Jeśli chcesz złożyć zamówienie telefonicznie, skontaktuj się z nami pod numerem +48 12 20 05 223 i przygotuj następujące informacje: Ważne informacje: składając zamówienie telefonicznie, musisz mieć konto zarejestrowane w naszym sklepie. Formy płatności, jakie będą dla Ciebie dostępne, to płatność za pobraniem lub przelew tradycyjny. Nie przyjmujemy zamówień drogą mailową.",https://support.zooplus.pl/pl/support/solutions/articles/76000049360-czy-mog%C4%99-z%C5%82o%C5%BCy%C4%87-zam%C3%B3wienie-przez-telefon-
Czy strona zooplus jest bezpieczna?,"Ochrona Twoich danych osobowych jest dla nas bardzo ważna. Używamy szyfrowania TLS (protokół Transport Layer Security), aby mieć pewność, że komunikacja i Twoje dane osobowe są zawsze w pełni chronione. Oznacza to, że za każdym razem, gdy przesyłasz nam dane, takie jak adres lub dane karty kredytowej, są one szyfrowane i nikt inny nie może ich zobaczyć poza Tobą i nami.",https://support.zooplus.pl/pl/support/solutions/articles/76000049359-czy-strona-zooplus-jest-bezpieczna-
Jak wybrać lub zmienić metodę płatności?,"Aby wybrać metodę płatności, przejdź do w sekcji ""Zarządzanie zamówieniami"", a następnie wybierz opcję ""Zmień"" w sekcji ""Płatność"". Wybierz preferowaną metodę płatności i kliknij ""Aktualizuj"". Możesz również wybrać metodę płatności podczas składania zamówienia, przed jego złożeniem. Pamiętaj: Aktualizacja metody płatności w Twoim koncie klienta nie zmieni metody płatności w Twoim najnowszym złożonym zamówieniu. Jeśli chcesz zmienić metodę płatności po złożeniu zamówienia, skontaktuj się z naszym .",https://support.zooplus.pl/pl/support/solutions/articles/76000049362-jak-wybra%C4%87-lub-zmieni%C4%87-metod%C4%99-p%C5%82atno%C5%9Bci-
Płatność Przelewy24 nie powiodła się – co mam zrobić?,"Jeśli podczas płatności wystąpił błąd lub płatność nie powiodła się, w ciągu kilku minut w Twoim koncie w zakładce „Moje zamówienia” pojawi się opcja ponowienia płatności. Aby zobaczyć tę opcję, kliknij najpierw w ""Szczegóły zamówienia"". Wyślemy Ci również e-mail z przypomnieniem o płatności i linkiem do jej ponowienia. Jeżeli potrzebujesz dalszego wsparcia, prosimy o kontakt z naszym .",https://support.zooplus.pl/pl/support/solutions/articles/76000049363-p%C5%82atno%C5%9B%C4%87-przelewy24-nie-powiod%C5%82a-si%C4%99-co-mam-zrobi%C4%87-
Jakie są dostępne metody płatności?,"Akceptujemy następujące metody płatności: Wszystkie oferowane przez nas metody płatności są w pełni bezpieczne. Wszelkie dane osobowe (np. dane płatnicze, adres e-mail i adres korespondencyjny) oraz dane płatności są zabezpieczone poprzez szyfrowanie oraz dodatkowy proces autoryzacji. Szybka, bezpieczna i wygodna metoda płatności. Po złożeniu zamówienia zostaniesz przekierowany na stronę internetową Twojego banku. Możesz również skorzystać z płatności za pośrednictwem systemu BLIK. Po dokonaniu transakcji automatycznie powrócisz na stronę zooplus. Pobranie pieniędzy z rachunku karty następuje w ciągu kilku dni od momentu wysłania towaru przez zooplus do klienta. Podczas dodawania nowej karty możesz zapisać dane karty do realizacji kolejnych zakupów. Apple Pay jest dostępne jako metoda płatności dla urządzeń z systemem iOS w naszej aplikacji i mobilnym sklepie internetowym. Możesz wybrać tę metodę płatności w polu realizacji transakcji. Jest ona dostępna przez Safari i umożliwia płatność przy użyciu połączonej karty płatniczej. Płatność odbywa się bezpośrednio za pośrednictwem konta Apple. Po złożeniu zamówienia użytkownik zostaje przekierowany do firmy Apple w celu autoryzacji płatności określonej wartości zamówienia. Gdy tylko zostaniemy poinformowani o autoryzacji, zostanie rozpoczęty proces wysyłki - w zależności od czasu dostawy wskazanego wraz z towarem. W zależności od metody płatności wybranej za pomocą Apple Pay, zostanie ona obciążona faktyczną kwotą faktury, pomniejszoną o wszelkie rabaty, kupony itp. natychmiast po realizacji wysyłki. W tym wypadku, Klient zobowiązuje się opłacić rachunek w ciągu 14 dni od dnia otrzymania towaru. Wiążący jest dzień wpływu płatności na konto zooplus. Nie możemy zagwarantować, że ta forma płatności będzie dostępna dla każdego zamówienia. W tym wypadku należy przygotować odliczoną kwotę gotówki dla kuriera dostarczającego przesyłkę. Jeśli wybierzesz PayPal, zostaniesz przekierowany na stronę płatności PayPal, aby dokończyć płatność. Jeśli nie masz konta PayPal, możesz je założyć podczas procesu składania zamówienia. Należy przelać należną kwotę w ciągu 7 dni od złożenia zamówienia. Pamiętaj, aby podać numer zamówienia w tytule przelewu. Przelew należy wykonać na nasze polskie konto bankowe: zooplus SE Bank Pekao SA Numer konta w systemie IBAN: PL75124060741111001044407497 Kod SWIFT/BIC banku: PKOPPLPW Realizacja przelewu bankowego może trwać od 1 do 3 dni roboczych. Twoje zamówienie zostanie przekazane do realizacji po zaksięgowaniu pełnej płatności. W określonych przypadkach lub w zależności od wybranego przez klienta rodzaju dostawy, zooplus zastrzega sobie prawo akceptacji jedynie niektórych metod płatności. Więcej informacji na temat dostępnych u nas metod płatności możesz znaleźć .",https://support.zooplus.pl/pl/support/solutions/articles/76000049361-jakie-s%C4%85-dost%C4%99pne-metody-p%C5%82atno%C5%9Bci-
Czy wydrukowana faktura jest dołączona do mojej paczki?,"Ze względu na ochronę środowiska, zooplus nie wystawia już papierowych faktur. Twoja faktura zostanie wysłana do Ciebie e-mailem jako plik PDF do pobrania. Jako zarejestrowany klient znajdziesz swoją fakturę również w koncie w sekcji ""Moje zamówienia"".",https://support.zooplus.pl/pl/support/solutions/articles/76000049358-czy-wydrukowana-faktura-jest-do%C5%82%C4%85czona-do-mojej-paczki-
Czy istnieje minimalna i maksymalna wartość zamówienia?,"Minimalna wartość zamówienia w naszym sklepie wynosi 8 zł (bez ). Nie mamy określonej maksymalnej wartości zamówienia, jednak nasze produkty są dostępne tylko w ilościach detalicznych i przeznaczonych do użycia we własnym gospodarstwie domowym.",https://support.zooplus.pl/pl/support/solutions/articles/76000049357-czy-istnieje-minimalna-i-maksymalna-warto%C5%9B%C4%87-zam%C3%B3wienia-
Czy mogę zamawiać jako gość?,"Posiadanie konta „Mój zooplus” ma wiele zalet. Jeśli nie chcesz przegapić żadnych , zalecamy założyć konto ""Mój zooplus"". Masz jednak możliwość złożenia zamówienia bez zakładania konta klienta. Po prostu dodaj Twoje produkty do koszyka i przejdź do kasy. Na stronie „Witamy w zooplus” wybierz „Nowy klient/gość”, odznacz pole „Zarejestruj się” i kontynuuj zakupy.",https://support.zooplus.pl/pl/support/solutions/articles/76000049356-czy-mog%C4%99-zamawia%C4%87-jako-go%C5%9B%C4%87-
Dostawca wycofuje produkt,"Dobro zwierząt jest dla nas najwyższym priorytetem. W sytuacji, gdy dojdzie do wycofania produktu przez jednego z naszych dostawców, powiadomimy Cię o tym. Jeśli jesteś zaniepokojony wycofaniem produktu, a nie otrzymałeś jeszcze od nas powiadomienia, prosimy o kontakt z naszym . Zweryfikujemy sprawę z dostawcą i poinformujemy Cię tak szybko, jak to możliwe.",https://support.zooplus.pl/pl/support/solutions/articles/76000049400-dostawca-wycofuje-produkt
Produkt przestał działać po pewnym czasie,"W pierwszej kolejności zalecamy zapoznanie się z instrukcją obsługi produktu. Wiele instrukcji zawiera przewodnik rozwiązywania problemów. Jeśli nie uda Ci się rozwiązać problemu, prosimy o kontakt z naszym . W celu sprawnego zgłoszenia sprawy, prosimy przygotować następujące informacje:",https://support.zooplus.pl/pl/support/solutions/articles/76000049399-produkt-przesta%C5%82-dzia%C5%82a%C4%87-po-pewnym-czasie
Jak mogę utworzyć konto klienta?,"Zakupy w zooplus są szybkie, łatwe i bezpieczne. Podczas procesu składania zamówienia zostaniesz poproszony o informację, czy chcesz zarejestrować konto. Rejestracja jest bezpłatna i niezobowiązująca. Po dodaniu produktów do koszyka, kliknij ikonę koszyka na górze strony, a następnie na „Dalej”. Na stronie ""Witamy w zooplus"" wybierz ""Nowy Klient"", wypełnij formularz rejestracyjny i złóż zamówienie.",https://support.zooplus.pl/pl/support/solutions/articles/76000049265-jak-mog%C4%99-utworzy%C4%87-konto-klienta-
Mojemu zwierzakowi nie odpowiada zamówione jedzenie,"Chcielibyśmy, aby Twój zwierzak był zadowolony z naszych produktów. Możesz zwrócić zakupiony nieotwarty produkt w ciągu 14 dni od jego dostawy. Niektórzy z naszych producentów oferują gwarancję satysfakcji. Aby uzyskać więcej informacji na ten temat, prosimy o kontakt z . W celu sprawnego zgłoszenia sprawy, prosimy przygotować następujące informacje: Ponieważ nie oferujemy możliwości zwrotu otwartych produktów żywnościowych, szczególnie jeśli producent nie udziela na nie gwarancji satysfakcji, zalecamy wypróbowanie małego opakowania przed zakupem większego. Więcej informacji na temat zwrotów znajdziesz tutaj: .",https://support.zooplus.pl/pl/support/solutions/articles/76000049398-mojemu-zwierzakowi-nie-odpowiada-zam%C3%B3wione-jedzenie
Otrzymany produkt nie spełnia oczekiwań,"Jeśli jakość otrzymanego przez Ciebie produktu nie spełnia Twoich oczekiwań, prosimy o kontakt z naszym . W celu sprawnego zgłoszenia sprawy, prosimy przygotować następujące informacje:",https://support.zooplus.pl/pl/support/solutions/articles/76000049397-otrzymany-produkt-nie-spe%C5%82nia-oczekiwa%C5%84
Darmowe próbki,"W naszej regularnej ofercie nie mamy darmowych próbek produktów. Większość karm i przysmaków w naszym asortymencie jest dostępna w mniejszych opakowaniach, dlatego możesz sprawdzić, czy spodobają się Twojemu zwierzakowi bez konieczności nabywania dużej ilości. Wszelkie zmiany w diecie Twojego zwierzaka należy wprowadzać powoli. Gwałtowne zmiany mogą spowodować nietolerancję lub niekorzystne reakcje. Małe opakowania są idealne zarówno w celu wypróbowania smaku, jak i zagwarantowania bezpiecznej zmiany diety.",https://support.zooplus.pl/pl/support/solutions/articles/76000049396-darmowe-pr%C3%B3bki
Jak długo ważne są Wasze oferty promocyjne?,Większość ofert specjalnych jest dostępna tylko do wyczerpania zapasów. Oferty te mogą ulec zmianie. Wszystkie artykuły (w tym artykuły objęte ofertami specjalnymi) można zamawiać wyłącznie w ilościach detalicznych. W niektórych przypadkach ilość ta jest ściśle ograniczona (np. do zakupu 1 - 2 sztuk określonego produktu). Ma to na celu stworzenie wszystkim klientom możliwości nabycia danego produktu.,https://support.zooplus.pl/pl/support/solutions/articles/76000049395-jak-d%C5%82ugo-wa%C5%BCne-s%C4%85-wasze-oferty-promocyjne-
Jak mogę dowiedzieć się o Waszych aktualnych ofertach?,"Informacje o naszych aktualnych ofertach znajdziesz w naszym newsletterze zooplus. Zapisz się do i uzyskaj dostęp do naszych najnowszych ofert. Dzięki newsletterowi możesz otrzymywać regularne powiadomienia drogą email o naszych najnowszych ofertach specjalnych, wyprzedażach, artykułach gratisowych i nowościach w asortymencie.",https://support.zooplus.pl/pl/support/solutions/articles/76000049394-jak-mog%C4%99-dowiedzie%C4%87-si%C4%99-o-waszych-aktualnych-ofertach-
"Produkt, który chcę zamówić, jest niedostępny. Czy mogę go zamówić?","Jeżeli produkt, którego zakup rozważasz, jest chwilowo niedostępny, skorzystaj z opcji ""Powiadom mnie o dostępności,"" a poinformujemy Cię o jego ponownej dostępności. Kliknij ikonkę „Powiadom mnie o dostępności” po prawej stronie, wpisz Twój adres e-mail i kliknij Wyślij. Gdy tylko artykuł będzie ponownie dostępny, powiadomimy Cię o tym drogą mailową.",https://support.zooplus.pl/pl/support/solutions/articles/76000049390-produkt-kt%C3%B3ry-chc%C4%99-zam%C3%B3wi%C4%87-jest-niedost%C4%99pny-czy-mog%C4%99-go-zam%C3%B3wi%C4%87-
"Nie wiem, którą karmę wybrać","Jeśli chcesz uzyskać poradę, jak żywić Twojego psa lub kota, skontaktuj się z naszą infolinią pod numerem +48 12 20 05 223 (wybierz „4”) lub poprzez . Nasi konsultanci do spraw żywienia zwierząt są do Twojej dyspozycji od poniedziałku do piątku w godzinach 8:00-20:00 oraz w soboty od 9:00-16:00. Aby uzyskać jak najlepszą poradę, przygotuj wcześniej następujące informacje na temat zwierzęcia: Pamiętaj, że w przypadku jakichkolwiek problemów zdrowotnych Twojego pupila musisz koniecznie skontaktować się z lekarzem weterynarii.",https://support.zooplus.pl/pl/support/solutions/articles/76000049393-nie-wiem-kt%C3%B3r%C4%85-karm%C4%99-wybra%C4%87
"Nie mogę znaleźć produktu, który chcę zamówić","Istnieje wiele powodów, dla których dany produkt może nie wyświetlać się w naszym sklepie. By dowiedzieć się więcej, prosimy o kontakt z .",https://support.zooplus.pl/pl/support/solutions/articles/76000049391-nie-mog%C4%99-znale%C5%BA%C4%87-produktu-kt%C3%B3ry-chc%C4%99-zam%C3%B3wi%C4%87
Mam pytanie dotyczące produktu,"Staramy się, by w opisach naszych produktów znalazły się wszystkie niezbędne informacje i szczegóły. Jeśli jednak potrzebujesz dodatkowych informacji, skontaktuj się z naszym .",https://support.zooplus.pl/pl/support/solutions/articles/76000049392-mam-pytanie-dotycz%C4%85ce-produktu
Gdzie mogę znaleźć moje faktury?,"Przegląd Twoich poprzednich zamówień i plików PDF z fakturami znajdziesz w sekcji „Moje zamówienia” w koncie klienta . Twoja faktura zostanie do Ciebie również wysłana e-mailem jako plik PDF do pobrania. W trosce o ochronę środowiska zooplus nie wystawia już papierowych faktur. Sprawdź, czy wiadomość e-mail z fakturą nie trafiła do folderu spam.",https://support.zooplus.pl/pl/support/solutions/articles/76000049429-gdzie-mog%C4%99-znale%C5%BA%C4%87-moje-faktury-
Przeprowadzam się do innego kraju. Czy nadal mogę kupować w zooplus?,"Sklepy internetowe zooplus działają na terenie całej Europy, w prawie wszystkich językach europejskich. Jeśli przeprowadzasz się do innego kraju, nadal możesz kupować wszystkie Twoje ulubione produkty w sklepie internetowym zooplus w tym kraju. Nie musisz tworzyć nowego konta - jako zarejestrowany klient możesz zalogować się do dowolnego sklepu zooplus, używając Twoich aktualnych danych logowania. Aby zakupy były wygodne i spersonalizowane, zalecamy korzystanie ze sklepu internetowego zooplus właściwego dla kraju, w którym przebywasz. Aby uzyskać informacje na temat dostępności produktów i dostawy, sprawdź stronę lokalnego sklepu zooplus. Lista wszystkich krajów, w których znajdują się sklepy internetowe zooplus, dostępna jest na dole naszej strony internetowej.",https://support.zooplus.pl/pl/support/solutions/articles/76000049430-przeprowadzam-si%C4%99-do-innego-kraju-czy-nadal-mog%C4%99-kupowa%C4%87-w-zooplus-
Jak mogę usunąć moje konto klienta?,"Jeśli jesteś i chcesz usunąć Twoje konto klienta, prosimy wypełnić następujący Jeśli jesteś lub , wypełnij ten Wypełnij wymagane pola formularza. Jako , wybierz „Usunięcie danych.” Więcej informacji na temat Twoich danych osobowych znajdziesz w naszej",https://support.zooplus.pl/pl/support/solutions/articles/76000049431-jak-mog%C4%99-usun%C4%85%C4%87-moje-konto-klienta-
Gdzie mogę znaleźć moje dane i jak mogę je zmienić?,"Aby zmienić Twoje dane osobowe, zaloguj się do Twojego konta klienta i przejdź do sekcji „Moje dane”. Znajdziesz tam wszystkie Twoje dane osobowe, które możesz zaktualizować ze skutkiem natychmiastowym. Ze względu na ochronę danych osobowych możesz dokonać zmian bezpośrednio w koncie klienta „Mój zooplus”.",https://support.zooplus.pl/pl/support/solutions/articles/76000049428-gdzie-mog%C4%99-znale%C5%BA%C4%87-moje-dane-i-jak-mog%C4%99-je-zmieni%C4%87-
Jak mogę zmienić lub zresetować hasło?,"W celu zmiany hasła, zaloguj się do konta wybierz „Moje dane” w sekcji „Zarządzanie zamówieniami” a następnie kliknij „Zmień” w sekcji „E-mail.” Jeśli nie pamiętasz hasła, skorzystaj z funkcji „Nie pamiętam hasła” . Wpisz adres e-mail powiązany z Twoim kontem zooplus (upewnij się, że przed lub po adresie e-mail nie ma żadnych dodatkowych spacji). Następnie kliknij „Zresetuj hasło.” Wyślemy Ci wiadomość e-mail umożliwiającą zresetowanie hasła. Jeśli nie otrzymasz wiadomości w ciągu najbliższych 15 minut, sprawdź folder spam.",https://support.zooplus.pl/pl/support/solutions/articles/76000049426-jak-mog%C4%99-zmieni%C4%87-lub-zresetowa%C4%87-has%C5%82o-
"Jak utworzyć konto ""Mój zooplus""?","Podczas procesu realizacji zamówienia zostaniesz poproszony o informację, czy chcesz się zarejestrować. Założenie konta klienta ""Mój zooplus"" jest szybkie i łatwe, a rejestracja jest bezpłatna i niezobowiązująca. Po dodaniu produktów do koszyka, kliknij ikonę koszyka na górze strony, a następnie na „Dalej”. Na stronie ""Witamy w zooplus"" wybierz ""Nowy Klient"", wypełnij formularz rejestracyjny i złóż zamówienie.",https://support.zooplus.pl/pl/support/solutions/articles/76000049425-jak-utworzy%C4%87-konto-m%C3%B3j-zooplus-
"Jakie są korzyści z posiadania konta ""Mój zooplus""?","Jest wiele korzyści, w tym:",https://support.zooplus.pl/pl/support/solutions/articles/76000049424-jakie-s%C4%85-korzy%C5%9Bci-z-posiadania-konta-m%C3%B3j-zooplus-
„Poleć nas znajomym” - jak to działa?,"Jako klient zooplus doskonale znasz korzyści z robienia zakupów w naszym sklepie. Możesz również zdobyć zooPunkty przesyłając znajomym, rodzinie i współpracownikom, którzy jeszcze nie zamawiali w zooplus, spersonalizowany link z zaproszeniem zawierającym kupon powitalny! Dowiedz się więcej . Pamiętaj: Znajomy, który składa zamówienie przez zaproszenie, musi być nowym klientem. Twoje zooPunkty zostaną przypisane do Twojego konta dopiero po pomyślnym opłaceniu i otrzymaniu zamówienia przez osobę polecaną. Wartość nagrody zależy od sklepu, w którym Twój znajomy wykorzystał link z poleceniem.",https://support.zooplus.pl/pl/support/solutions/articles/76000049421--pole%C4%87-nas-znajomym-jak-to-dzia%C5%82a-
Jak mogę zmienić mój adres e-mail?,"W celu zmiany adresu e-mail prosimy o kontakt z naszym Serwisem Obsługi Klienta, który z przyjemnością zajmie się Twoim zgłoszeniem.",https://support.zooplus.pl/pl/support/solutions/articles/76000049427-jak-mog%C4%99-zmieni%C4%87-m%C3%B3j-adres-e-mail-
„Poleć nas znajomym” nie działa – co zrobić?,"W pierwszej kolejności sprawdź i czy spełnione zostały wszystkie warunki. Pamiętaj: Jeśli wszystkie warunki zostały spełnione a polecenie nie działa, skontaktuj się z naszym w celu uzyskania dalszej pomocy.",https://support.zooplus.pl/pl/support/solutions/articles/76000049422--pole%C4%87-nas-znajomym-nie-dzia%C5%82a-co-zrobi%C4%87-
Jak mogę stworzyć “Profil mojego pupila”?,"Jeśli jesteś zarejestrowanym klientem zooplus, możesz utworzyć profil Twojego pupila dla każdego z Twoich zwierząt. W celu utworzenia profilu: Możesz stworzyć kilka różnych profili dla wszystkich Twoich zwierząt w Twoim koncie ""Mój zooplus"" i dodać zdjęcia do 4,5 MB do każdego z nich. Po utworzeniu profilu Twojego zwierzaka, będzie Cię mógł on powitać podczas kolejnego logowania do konta ""Mój zooplus"".",https://support.zooplus.pl/pl/support/solutions/articles/76000049423-jak-mog%C4%99-stworzy%C4%87-profil-mojego-pupila-
Moje zooPunkty straciły ważność - czy mogę je odnowić?,"Jeżeli w ciągu 12 miesięcy od zapisania zooPunktów na koncie klienta punkty nie zostaną zamienione na premię, przepadną do końca kwartału. zooPunkty zdobyte w dodatkowych promocjach mogą mieć krótszy termin ważności. Ta data nie może zostać zmieniona ani przedłużona. Termin ważności zooPunktów możesz sprawdzić w koncie . Przejdź do zakładki , aby sprawdzić regulamin i uzyskać więcej informacji.",https://support.zooplus.pl/pl/support/solutions/articles/76000049420-moje-zoopunkty-straci%C5%82y-wa%C5%BCno%C5%9B%C4%87-czy-mog%C4%99-je-odnowi%C4%87-
Jak mogę przekazać moje zooPunkty na rzecz bezdomnych zwierząt?,"W ramach „Zapunktuj pomocą!” możesz przekazywać Twoje punkty na rzecz bezdomnych zwierząt. To bardzo proste. Wystarczy, że wejdziesz na , wybierzesz właściwą „cegiełkę” i dodasz ją do koszyka. Kiedy skończysz zakupy, zooPunkty zostaną odjęte z Twojego konta i przekazane zwierzętom w potrzebie. Punkty możesz podarować tylko podczas składania zamówienia. Więcej informacji na temat Programu, znajdziesz .",https://support.zooplus.pl/pl/support/solutions/articles/76000049419-jak-mog%C4%99-przekaza%C4%87-moje-zoopunkty-na-rzecz-bezdomnych-zwierz%C4%85t-
Dlaczego moje zooPunkty nie zostały naliczone?,"zooPunkty zostaną przypisane do Twojego konta po tym, jak Twoje zamówienie zostanie opłacone i nadane w całości. W przypadku zamówień złożonych z metodą płatności „Płatność przy odbiorze,” zaksięgowanie płatności może zająć kilka dni roboczych, także punkty zostaną aktywowane dopiero po zaksięgowaniu wpłaty.",https://support.zooplus.pl/pl/support/solutions/articles/76000049418-dlaczego-moje-zoopunkty-nie-zosta%C5%82y-naliczone-
Jak mogę wykorzystać moje zooPunkty?,"zooPunkty można łatwo zamienić na niezwykłe darmowe produkty dla Twojego zwierzaka. Oto, jak to zrobić: zooPunkty można zamienić wyłącznie na artykuły znajdujące się w naszym specjalnym . Nie ma możliwości zamiany zooPunktów na dowolny artykuł z całego naszego asortymentu. Nie jest możliwe zsumowanie punktów z różnych kont lub przeniesienie punktów z jednego konta na inne. Przejdź do zakładki , aby sprawdzić regulamin i uzyskać więcej informacji.",https://support.zooplus.pl/pl/support/solutions/articles/76000049417-jak-mog%C4%99-wykorzysta%C4%87-moje-zoopunkty-
Co to są zooPunkty?,"W zooplus nagradzamy naszych klientów zooPunktami. Zarejestrowani klienci zooplus za każde wydane 4,00 zł automatycznie otrzymują 1 zooPunkt. Zbieranie zooPunktów bardzo się opłaca, a ich wymiana jest prosta i szybka. Wybierz produkt w naszym , dodaj go do koszyka i wykorzystaj zooPunkty, aby otrzymać produkt za darmo! Pamiętaj: Przejdź do zakładki , aby sprawdzić regulamin i uzyskać więcej informacji.",https://support.zooplus.pl/pl/support/solutions/articles/76000049416-co-to-s%C4%85-zoopunkty-
Jak otrzymać zooPunkty za subskrypcję newslettera?,"Po pomyślnym zapisaniu się do newslettera otrzymasz od nas e-mail zawierający specjalny kod kuponu, który upoważnia do odbioru 333 zooPunktów. Wprowadź kod podczas składania kolejnego zamówienia jako zarejestrowany klient, a punkty zostaną automatycznie dodane do Twojego konta Klienta. Punkty będą aktywne jak tylko zamówienie zostanie przez Ciebie odebrane i w pełni opłacone. E-mail z powitalnym kodem kuponu powinien zostać dostarczony do Ciebie do 24 godzin. Jeśli nadal nie otrzymałeś od nas wiadomości, sprawdź folder spam/junk. Alternatywnie wyszukaj w Twojej skrzynce odbiorczej wiadomość o tytule „Twój newsletter zooplus"".",https://support.zooplus.pl/pl/support/solutions/articles/76000049415-jak-otrzyma%C4%87-zoopunkty-za-subskrypcj%C4%99-newslettera-
Jak mogę wypisać się z newslettera?,"Subskrypcję możesz anulować w dowolnym momencie. W tym celu skorzystaj z linka „Wypisz się” na dole każdego newslettera. Alternatywnie zaloguj się do konta ""Mój zooplus"", przejdź do zakładki i zrezygnuj z subskrypcji odznaczając kategorie, z których chcesz zrezygnować. Pamiętaj: Ze względu na politykę prywatności, z subskrypcji możesz zrezygnować tylko osobiście.",https://support.zooplus.pl/pl/support/solutions/articles/76000049413-jak-mog%C4%99-wypisa%C4%87-si%C4%99-z-newslettera-
"Zapisałem się do newslettera, ale go nie otrzymuję","Kiedy zapiszesz się do naszego newslettera, otrzymasz potwierdzenie e-mail wraz z linkiem do aktywacji Twojej subskrypcji. Czasami newsletter jest przenoszony automatycznie do folderu spam w Twojej skrzynce e-mailowej. Sprawdź, czy tak się nie stało. Jeśli znajdziesz tam newsletter zooplus, dodaj nasz adres e-mail do Twoich kontaktów, aby uniknąć zaklasyfikowania go jako spamu w przyszłości. Jeśli nadal nie otrzymujesz naszego newslettera i nie znalazłeś go w folderze spam, skontaktuj się z naszym",https://support.zooplus.pl/pl/support/solutions/articles/76000049414-zapisa%C5%82em-si%C4%99-do-newslettera-ale-go-nie-otrzymuj%C4%99
Jak zapisać się do newslettera?,"Zapisz się do naszego darmowego newslettera i dowiedz się o naszych aktualnych promocjach, ofertach i zniżkach. To bardzo proste: jeśli masz już konto ""Mój zooplus"", zaloguj się i kliknij w zakładkę . Wybierz, który newsletter chcesz otrzymywać i kliknij „subskrybuj”. Otrzymasz potwierdzenie e-mailowe wraz z linkiem do aktywacji Twojej subskrypcji. Jeśli nie masz konta „Mój zooplus”, postępuj w następujący sposób: 1. Odwiedź stronę z naszym 2. Wprowadź Twój adres e-mail 3. Wybierz newsletter, który chcesz otrzymywać i kliknij „subskrybuj” 4. Sprawdź w skrzynce, czy e-mail z prośbą o potwierdzenie subskrypcji został wysłany 5. Kliknij w link w celu aktywacji subskrypcji",https://support.zooplus.pl/pl/support/solutions/articles/76000049412-jak-zapisa%C4%87-si%C4%99-do-newslettera-
Nie mogę zrealizować mojego kuponu,"Jeśli kupon nie działa, spróbuj: Pamiętaj: Aby otrzymać dalszą pomoc, prosimy o kontakt z naszym Będziemy potrzebować kodu kuponu, jaki został przez Ciebie użyty.",https://support.zooplus.pl/pl/support/solutions/articles/76000049410-nie-mog%C4%99-zrealizowa%C4%87-mojego-kuponu
W jaki sposób mogę zrealizować kupon?,"Dodaj produkty do koszyka. Przejdź do koszyka i przeglądu wybranych przez Ciebie artykułów. Wprowadź kod kuponu w pole „Twój kod promocyjny"" na stronie „Zawartość Twojego koszyka”. Kliknij ""Aktywuj kod"", a odpowiednia zniżka zostanie naliczona. Pamiętaj: W razie jakichkolwiek pytań prosimy o kontakt z naszym .",https://support.zooplus.pl/pl/support/solutions/articles/76000049409-w-jaki-spos%C3%B3b-mog%C4%99-zrealizowa%C4%87-kupon-
Zniżka nie została naliczona,"Jeśli tak się stało, sprawdź warunki tej zniżki/promocji: Jeśli produkt kwalifikuje się do rabatu i spełnione zostały wszystkie wymagania, prosimy o kontakt z naszym .",https://support.zooplus.pl/pl/support/solutions/articles/76000049411-zni%C5%BCka-nie-zosta%C5%82a-naliczona
Czy moja paczka zaginęła?,"Czasami może dojść do opóźnień w dostawie z przyczyn od nas niezależnych. Jeśli uważasz, że Twoja przesyłka powinna już zostać dostarczona, sprawdź jej aktualny status za pomocą linku w powiadomieniu e-mail o nadaniu paczki lub wejdź na stronę firmy kurierskiej i wprowadź numer śledzenia paczki. Jeśli przesyłka ma status Niekompletny adres/Niepoprawny adres, możesz skontaktować się bezpośrednio z firmą kurierską w tej sprawie. W przypadku, gdy status przesyłki nie uległ zmianie od kilku dni lub też potrzebujesz dalszej pomocy, prosimy o kontakt z naszym . W celu sprawnego zgłoszenia sprawy, prosimy przygotować następujące informacje: Skontaktujemy się z firmą kurierską odpowiadającą za przesyłkę, aby uruchomić procedurę ustalenia lokalizacji paczki. Dołożymy wszelkich starań, żeby niezwłocznie zawiadomić Cię o uzyskanych informacjach i rozwiązaniu sprawy.",https://support.zooplus.pl/pl/support/solutions/articles/76000049385-czy-moja-paczka-zagin%C4%99%C5%82a-
Jak mogę śledzić moją paczkę?,"Zastanawiasz się, gdzie aktualnie znajduje się Twoja paczka? Teraz masz możliwość sprawdzenia tej informacji. Klikając na te linki, zostaniesz przekierowany do strony internetowej Gdy Twoja paczka opuści nasz magazyn, powiadomimy Cię o tym drogą mailową. Wiadomość ta będzie zawierać bezpośredni link do śledzenia przesyłki na stronie firmy kurierskiej. Aby sprawdzić status paczki, skorzystaj z linka podanego w wiadomości e-mail potwierdzającej nadanie paczki lub też wpisz podany numer śledzenia paczki na stronie firmy kurierskiej. Status paczki możesz również sprawdzić w koncie klienta , w zakładce Moje zamówienia. Ważna informacja: Zanim podany numer śledzenia stanie się aktywny, może minąć trochę czasu. Współpracujące z nami firmy kurierskie zwykle umożliwiają śledzenie paczki w ciągu 1-2 dnia roboczego od jej nadania.",https://support.zooplus.pl/pl/support/solutions/articles/76000049382-jak-mog%C4%99-%C5%9Bledzi%C4%87-moj%C4%85-paczk%C4%99-
Moja paczka dotarła uszkodzona/Produkt dotarł uszkodzony,"W przypadku otrzymania uszkodzonego produktu lub paczki, prosimy o kontakt z naszym . W celu sprawnego zgłoszenia sprawy, prosimy przygotować następujące informacje:",https://support.zooplus.pl/pl/support/solutions/articles/76000049384-moja-paczka-dotar%C5%82a-uszkodzona-produkt-dotar%C5%82-uszkodzony
"Moja paczka została nadana, ale śledzenie przesyłki nie jest możliwe","Możliwość śledzenia paczki może być dostępna dopiero po pewnym czasie. Jak tylko Twoja paczka zostanie spakowana i przygotowana do nadania, dane paczki zostaną przesłane do wybranej firmy kurierskiej. Link do śledzenia przesyłki nie będzie aktywny, dopóki Twoja paczka nie zostanie odebrana i przetworzona w centrum dystrybucyjnym firmy kurierskiej. Gdy to nastąpi, status przesyłki zostanie zaktualizowany na stronie śledzenia.",https://support.zooplus.pl/pl/support/solutions/articles/76000049383-moja-paczka-zosta%C5%82a-nadana-ale-%C5%9Bledzenie-przesy%C5%82ki-nie-jest-mo%C5%BCliwe
Kiedy moja paczka zostanie nadana?,"Większość zamówień jest realizowana i nadawana w ciągu 24 godzin. Maksymalny czas dostawy wynosi 5 dni roboczych. Czas dostawy może różnić się w zależności od dnia tygodnia, w którym złożono zamówienie, użytej metody płatności czy dostępności produktów. Jeżeli ostatni dzień terminu dostawy przypada na sobotę, niedzielę lub dzień świąteczny, termin dostawy zostaje automatycznie przedłużony na kolejny dzień roboczy. Więcej informacji na ten temat znajdziesz tutaj: .",https://support.zooplus.pl/pl/support/solutions/articles/76000049381-kiedy-moja-paczka-zostanie-nadana-
Czy adres dostawy może być inny niż adres na fakturze?,"Podczas składania zamówienia będziesz mieć możliwość podania innego adresu dostawy niż adres na fakturze. Pamiętaj: Jeśli chcesz zmienić tylko adres dostawy, zanim zachowasz zmiany upewnij się, że opcja ""Adres na fakturze taki sam jak adres dostawy"" znajdująca się na dole formularza, została odznaczona.",https://support.zooplus.pl/pl/support/solutions/articles/76000049380-czy-adres-dostawy-mo%C5%BCe-by%C4%87-inny-ni%C5%BC-adres-na-fakturze-
Towary mrożone i ponadgabarytowe,"Zamówienia obejmujące produkty mrożone lub ponadgabarytowe podlegają szczególnym warunkom dostaw. Dostawa takich towarów może zająć dłużej niż w przypadku standardowych towarów. Towary mrożone i ponadgabarytowe są dostarczane wyłącznie za pośrednictwem specjalnych firm kurierskich lub spedycyjnych, a zatem możesz nie mieć możliwości wyboru firmy kurierskiej. Informacje te znajdują się w opisie produktu.",https://support.zooplus.pl/pl/support/solutions/articles/76000049379-towary-mro%C5%BCone-i-ponadgabarytowe
Czy moje zamówienie może zostać nadane w określony dzień?,"Nie mamy możliwości podania dokładnego dnia nadania paczki. Na ostatnim etapie składania Twojego zamówienia możesz zaakceptować ewentualną późniejszą dostawę. W przypadku zaznaczenia tej opcji, czas realizacji może wydłużyć się maksymalnie o 3 dodatkowe dni robocze.",https://support.zooplus.pl/pl/support/solutions/articles/76000049376-czy-moje-zam%C3%B3wienie-mo%C5%BCe-zosta%C4%87-nadane-w-okre%C5%9Blony-dzie%C5%84-
Czy mogę wybrać punkt odbioru paczek jako adres dostawy?,"Podczas składania zamówienia w naszym sklepie internetowym nie można bezpośrednio wpisać adresu punktu odbioru jako adresu dostawy. Jednak oferujemy alternatywne opcje dostawy przez naszych partnerów kurierskich. DPD: pozwala na wybranie punktu odbioru paczek podczas składania zamówienia. InPost: możesz wybrać dostawę paczki do Paczkomatu. Przy finalizacji swojego zamówienia wybierz dogodną opcję ""Dostawa do punktów odbioru"". Korzystając z tych form dostawy, możesz otrzymać paczkę do miejsca, które jest dla Ciebie najwygodniejsze.",https://support.zooplus.pl/pl/support/solutions/articles/76000049377-czy-mog%C4%99-wybra%C4%87-punkt-odbioru-paczek-jako-adres-dostawy-
Czy mogę wybrać firmę kurierską?,Podczas składania zamówienia dostępne są następujące opcje dostawy: Więcej informacji na ten temat znajdziesz tutaj: .,https://support.zooplus.pl/pl/support/solutions/articles/76000049375-czy-mog%C4%99-wybra%C4%87-firm%C4%99-kuriersk%C4%85-
Zamówienia o wadze powyżej 31 kg,"Maksymalna waga dowolnej paczki, jaką możemy dostarczyć, to 31 kg. Zamówienia o wadze przekraczającej 31 kg będą dostarczane w 2 lub większej liczbie paczek (w zależności od wagi). Ostateczny koszt dostawy można sprawdzić w podglądzie zamówienia po zalogowaniu lub podaniu adresu dostawy.",https://support.zooplus.pl/pl/support/solutions/articles/76000049374-zam%C3%B3wienia-o-wadze-powy%C5%BCej-31-kg
"Co się stanie, jeśli nie będzie mnie w domu podczas próby doręczenia paczki?","Firmy kurierskie dostarczają przesyłki pod wskazany adres albo pozostawiają je u sąsiadów. Jeżeli doręczenie nie doszło do skutku, najczęściej w takiej sytuacji otrzymasz powiadomienie mailowe od firmy kurierskiej, gdzie i kiedy odebrać przesyłkę lub też informacje o nowym terminie, w którym kurier spróbuje podjąć drugą próbę dostarczenia paczki (druga próba odbywa się zazwyczaj w kolejnym dniu roboczym). Jeżeli doręczenie przesyłki nadal nie będzie możliwe, firma kurierska przekaże paczkę z powrotem do lokalnej filii, skąd przesyłka może zostać odebrana zanim zostanie odesłana do nadawcy. Czas na odebranie przesyłki różni się w zależności od firmy kurierskiej.",https://support.zooplus.pl/pl/support/solutions/articles/76000049378-co-si%C4%99-stanie-je%C5%9Bli-nie-b%C4%99dzie-mnie-w-domu-podczas-pr%C3%B3by-dor%C4%99czenia-paczki-
Jakie są koszty przesyłki?,"obowiązuje dla zamówień . Przy wartości zamówienia 8–78,99 zł, koszty przesyłki wynoszą 15 zł (kurier DPD oraz kurier DHL) lub 12 zł (InPost Paczkomat® oraz DPD punkt odbioru), przy wartości zamówienia 79–98,99 zł, koszty przesyłki wynoszą 8 zł. Zamówienia o wadze powyżej 31 kg będą wysyłane w 2 lub więcej paczkach (w zależności od wagi). Szczegółowe informacje na temat kosztów przesyłki znajdziesz tutaj:",https://support.zooplus.pl/pl/support/solutions/articles/76000049373-jakie-s%C4%85-koszty-przesy%C5%82ki-
